NodePercentage,NodeCount,ConnectedNode
10,307244,2074452,67
10,307244,2076904,67
10,307244,2075030,67
10,307244,2076903,67
10,307244,2075486,67
10,307244,2075258,67
10,307244,2076622,67
10,307244,2075375,67
10,307244,2074269,67
10,307244,2077753,67
10,307244,2074842,67
10,307244,2076375,67
10,307244,2078016,67
10,307244,2073950,67
10,307244,2076123,67
10,307244,2074900,67
10,307244,2075575,67
10,307244,2076037,67
10,307244,2074959,67
10,307244,2077626,67
10,307244,2075086,67
10,307244,2077344,67
10,307244,2076116,67
10,307244,2077854,67
10,307244,2074586,67
10,307244,2077203,67
10,307244,2075579,67
10,307244,2075476,67
10,307244,2076575,67
10,307244,2077913,67
10,307244,2076253,67
10,307244,2074657,67
10,307244,2074881,67
10,307244,2075622,67
10,307244,2073491,67
10,307244,2076670,67
10,307244,2074399,67
10,307244,2077165,67
10,307244,2076506,67
10,307244,2073586,67
10,307244,2075739,67
10,307244,2077345,67
10,307244,2076611,67
10,307244,2078090,67
10,307244,2075313,67
10,307244,2077456,67
10,307244,2073281,67
10,307244,2074068,67
10,307244,2077073,67
10,307244,2077287,67
11,337968,2130077,69
11,337968,2130432,69
11,337968,2130175,69
11,337968,2130454,69
11,337968,2128567,69
11,337968,2129774,69
11,337968,2128371,69
11,337968,2131269,69
11,337968,2128630,69
11,337968,2129284,69
11,337968,2129463,69
11,337968,2130545,69
11,337968,2129894,69
11,337968,2130718,69
11,337968,2131384,69
11,337968,2129302,69
11,337968,2129498,69
11,337968,2130905,69
11,337968,2128953,69
11,337968,2131767,69
11,337968,2130581,69
11,337968,2128052,69
11,337968,2128778,69
11,337968,2127417,69
11,337968,2128933,69
11,337968,2130204,69
11,337968,2131983,69
11,337968,2130606,69
11,337968,2130125,69
11,337968,2130032,69
11,337968,2129349,69
11,337968,2127172,69
11,337968,2130347,69
11,337968,2131094,69
11,337968,2129563,69
11,337968,2129948,69
11,337968,2129678,69
11,337968,2129047,69
11,337968,2127173,69
11,337968,2129627,69
11,337968,2129160,69
11,337968,2130237,69
11,337968,2129600,69
11,337968,2131717,69
11,337968,2130498,69
11,337968,2128827,69
11,337968,2132136,69
11,337968,2130606,69
11,337968,2127909,69
11,337968,2130094,69
12,368692,2178547,70
12,368692,2176286,70
12,368692,2177270,70
12,368692,2178944,70
12,368692,2179540,70
12,368692,2178213,70
12,368692,2177907,70
12,368692,2178244,70
12,368692,2179062,70
12,368692,2180161,70
12,368692,2175889,70
12,368692,2177645,70
12,368692,2179038,70
12,368692,2176617,70
12,368692,2179522,70
12,368692,2177028,70
12,368692,2177598,70
12,368692,2180842,70
12,368692,2176978,70
12,368692,2178570,70
12,368692,2180126,70
12,368692,2179618,70
12,368692,2177861,70
12,368692,2177613,70
12,368692,2177602,70
12,368692,2178938,70
12,368692,2179287,70
12,368692,2178041,70
12,368692,2176929,70
12,368692,2177589,70
12,368692,2177384,70
12,368692,2177251,70
12,368692,2177170,70
12,368692,2177730,70
12,368692,2177894,70
12,368692,2177197,70
12,368692,2176726,70
12,368692,2177396,70
12,368692,2178439,70
12,368692,2177506,70
12,368692,2179063,70
12,368692,2175440,70
12,368692,2177170,70
12,368692,2176626,70
12,368692,2178264,70
12,368692,2179238,70
12,368692,2178149,70
12,368692,2179002,70
12,368692,2179247,70
12,368692,2177059,70
13,399417,2223648,72
13,399417,2221578,72
13,399417,2220444,72
13,399417,2223960,72
13,399417,2219649,72
13,399417,2222163,72
13,399417,2221481,72
13,399417,2223244,72
13,399417,2221591,72
13,399417,2220642,72
13,399417,2220919,72
13,399417,2219741,72
13,399417,2220908,72
13,399417,2222406,72
13,399417,2221260,72
13,399417,2222706,72
13,399417,2221316,72
13,399417,2224140,72
13,399417,2221566,72
13,399417,2222045,72
13,399417,2220589,72
13,399417,2221266,72
13,399417,2220377,72
13,399417,2220090,72
13,399417,2223069,72
13,399417,2220437,72
13,399417,2221209,72
13,399417,2220506,72
13,399417,2222440,72
13,399417,2223445,72
13,399417,2221682,72
13,399417,2219975,72
13,399417,2222270,72
13,399417,2220003,72
13,399417,2220725,72
13,399417,2220202,72
13,399417,2220363,72
13,399417,2220143,72
13,399417,2220893,72
13,399417,2221190,72
13,399417,2220841,72
13,399417,2221656,72
13,399417,2221435,72
13,399417,2221916,72
13,399417,2221469,72
13,399417,2221488,72
13,399417,2221855,72
13,399417,2220151,72
13,399417,2221175,72
13,399417,2221927,72
14,430141,2261552,73
14,430141,2261866,73
14,430141,2261258,73
14,430141,2261208,73
14,430141,2260454,73
14,430141,2260974,73
14,430141,2260336,73
14,430141,2261161,73
14,430141,2260928,73
14,430141,2259298,73
14,430141,2262178,73
14,430141,2261190,73
14,430141,2262018,73
14,430141,2260138,73
14,430141,2260338,73
14,430141,2262232,73
14,430141,2260951,73
14,430141,2260246,73
14,430141,2261946,73
14,430141,2261353,73
14,430141,2261176,73
14,430141,2260454,73
14,430141,2261832,73
14,430141,2261537,73
14,430141,2263278,73
14,430141,2259329,73
14,430141,2259743,73
14,430141,2261642,73
14,430141,2261951,73
14,430141,2262218,73
14,430141,2259329,73
14,430141,2260867,73
14,430141,2259125,73
14,430141,2260580,73
14,430141,2261466,73
14,430141,2260435,73
14,430141,2260647,73
14,430141,2263060,73
14,430141,2262472,73
14,430141,2259608,73
14,430141,2263095,73
14,430141,2260339,73
14,430141,2261797,73
14,430141,2261334,73
14,430141,2260852,73
14,430141,2261147,73
14,430141,2262759,73
14,430141,2261058,73
14,430141,2261656,73
14,430141,2258762,73
15,460866,2297945,74
15,460866,2297925,74
15,460866,2298264,74
15,460866,2295884,74
15,460866,2297807,74
15,460866,2297153,74
15,460866,2296905,74
15,460866,2294762,74
15,460866,2296633,74
15,460866,2296710,74
15,460866,2298512,74
15,460866,2299048,74
15,460866,2296537,74
15,460866,2297217,74
15,460866,2296326,74
15,460866,2297254,74
15,460866,2296980,74
15,460866,2296484,74
15,460866,2297988,74
15,460866,2297058,74
15,460866,2296159,74
15,460866,2297468,74
15,460866,2295714,74
15,460866,2296670,74
15,460866,2297115,74
15,460866,2295904,74
15,460866,2295960,74
15,460866,2296235,74
15,460866,2297820,74
15,460866,2297059,74
15,460866,2297407,74
15,460866,2296658,74
15,460866,2297867,74
15,460866,2294830,74
15,460866,2297333,74
15,460866,2296364,74
15,460866,2296594,74
15,460866,2297162,74
15,460866,2296090,74
15,460866,2296268,74
15,460866,2296402,74
15,460866,2297431,74
15,460866,2296530,74
15,460866,2297171,74
15,460866,2295550,74
15,460866,2296517,74
15,460866,2298549,74
15,460866,2297633,74
15,460866,2297290,74
15,460866,2297408,74
16,491590,2330264,75
16,491590,2331066,75
16,491590,2329441,75
16,491590,2329700,75
16,491590,2329435,75
16,491590,2329160,75
16,491590,2329488,75
16,491590,2328618,75
16,491590,2329690,75
16,491590,2330374,75
16,491590,2330640,75
16,491590,2329149,75
16,491590,2329380,75
16,491590,2330017,75
16,491590,2328614,75
16,491590,2329288,75
16,491590,2328656,75
16,491590,2330966,75
16,491590,2329343,75
16,491590,2330553,75
16,491590,2330896,75
16,491590,2331247,75
16,491590,2328865,75
16,491590,2330009,75
16,491590,2330821,75
16,491590,2330824,75
16,491590,2329197,75
16,491590,2330189,75
16,491590,2327831,75
16,491590,2330654,75
16,491590,2330832,75
16,491590,2330212,75
16,491590,2330204,75
16,491590,2331210,75
16,491590,2329226,75
16,491590,2330493,75
16,491590,2329549,75
16,491590,2330521,75
16,491590,2329800,75
16,491590,2331244,75
16,491590,2331632,75
16,491590,2330388,75
16,491590,2331942,75
16,491590,2330947,75
16,491590,2330401,75
16,491590,2330115,75
16,491590,2330705,75
16,491590,2331876,75
16,491590,2328633,75
16,491590,2329864,75
17,522314,2361827,76
17,522314,2360236,76
17,522314,2361543,76
17,522314,2359612,76
17,522314,2359617,76
17,522314,2361347,76
17,522314,2362496,76
17,522314,2361892,76
17,522314,2361383,76
17,522314,2360737,76
17,522314,2361263,76
17,522314,2361393,76
17,522314,2360324,76
17,522314,2360362,76
17,522314,2359857,76
17,522314,2359829,76
17,522314,2360079,76
17,522314,2360127,76
17,522314,2361931,76
17,522314,2360492,76
17,522314,2361390,76
17,522314,2362165,76
17,522314,2360573,76
17,522314,2360517,76
17,522314,2362300,76
17,522314,2360065,76
17,522314,2361317,76
17,522314,2362722,76
17,522314,2360840,76
17,522314,2361593,76
17,522314,2360025,76
17,522314,2361768,76
17,522314,2361643,76
17,522314,2359235,76
17,522314,2359011,76
17,522314,2361801,76
17,522314,2360346,76
17,522314,2359986,76
17,522314,2360778,76
17,522314,2359684,76
17,522314,2359435,76
17,522314,2360002,76
17,522314,2359578,76
17,522314,2359541,76
17,522314,2361313,76
17,522314,2360849,76
17,522314,2359647,76
17,522314,2360798,76
17,522314,2359881,76
17,522314,2359486,76
18,553039,2389130,77
18,553039,2388464,77
18,553039,2387771,77
18,553039,2388312,77
18,553039,2390922,77
18,553039,2389775,77
18,553039,2390083,77
18,553039,2388969,77
18,553039,2388980,77
18,553039,2388768,77
18,553039,2390058,77
18,553039,2389116,77
18,553039,2389427,77
18,553039,2388384,77
18,553039,2388969,77
18,553039,2389207,77
18,553039,2389313,77
18,553039,2388220,77
18,553039,2388723,77
18,553039,2388501,77
18,553039,2388339,77
18,553039,2388877,77
18,553039,2390947,77
18,553039,2387598,77
18,553039,2387958,77
18,553039,2388077,77
18,553039,2390123,77
18,553039,2389388,77
18,553039,2387940,77
18,553039,2388712,77
18,553039,2388646,77
18,553039,2387920,77
18,553039,2389533,77
18,553039,2390212,77
18,553039,2387903,77
18,553039,2387801,77
18,553039,2388160,77
18,553039,2390039,77
18,553039,2389542,77
18,553039,2389883,77
18,553039,2387604,77
18,553039,2388617,77
18,553039,2389150,77
18,553039,2391131,77
18,553039,2389476,77
18,553039,2390342,77
18,553039,2388968,77
18,553039,2388667,77
18,553039,2389008,77
18,553039,2388858,77
19,583763,2415866,78
19,583763,2414396,78
19,583763,2416330,78
19,583763,2416406,78
19,583763,2416191,78
19,583763,2415779,78
19,583763,2414755,78
19,583763,2415226,78
19,583763,2414106,78
19,583763,2416024,78
19,583763,2415016,78
19,583763,2415436,78
19,583763,2416636,78
19,583763,2416668,78
19,583763,2414926,78
19,583763,2415796,78
19,583763,2414073,78
19,583763,2415914,78
19,583763,2413751,78
19,583763,2414863,78
19,583763,2415325,78
19,583763,2416520,78
19,583763,2413631,78
19,583763,2415936,78
19,583763,2414903,78
19,583763,2416919,78
19,583763,2416096,78
19,583763,2414911,78
19,583763,2415410,78
19,583763,2417669,78
19,583763,2416362,78
19,583763,2415873,78
19,583763,2414170,78
19,583763,2417069,78
19,583763,2414885,78
19,583763,2415339,78
19,583763,2413408,78
19,583763,2415170,78
19,583763,2415430,78
19,583763,2415553,78
19,583763,2416699,78
19,583763,2414213,78
19,583763,2415745,78
19,583763,2414812,78
19,583763,2415859,78
19,583763,2416126,78
19,583763,2412927,78
19,583763,2415697,78
19,583763,2416072,78
19,583763,2415387,78
20,614488,2439539,79
20,614488,2439480,79
20,614488,2440629,79
20,614488,2440256,79
20,614488,2440833,79
20,614488,2440560,79
20,614488,2441107,79
20,614488,2440437,79
20,614488,2439562,79
20,614488,2439739,79
20,614488,2438932,79
20,614488,2440625,79
20,614488,2440167,79
20,614488,2439735,79
20,614488,2440565,79
20,614488,2441584,79
20,614488,2439832,79
20,614488,2439328,79
20,614488,2439474,79
20,614488,2440145,79
20,614488,2439795,79
20,614488,2440127,79
20,614488,2441250,79
20,614488,2440730,79
20,614488,2439134,79
20,614488,2439328,79
20,614488,2441027,79
20,614488,2440055,79
20,614488,2439474,79
20,614488,2439875,79
20,614488,2440365,79
20,614488,2440744,79
20,614488,2440583,79
20,614488,2439311,79
20,614488,2439875,79
20,614488,2439205,79
20,614488,2439380,79
20,614488,2441131,79
20,614488,2441645,79
20,614488,2439666,79
20,614488,2441010,79
20,614488,2439785,79
20,614488,2439682,79
20,614488,2442487,79
20,614488,2439732,79
20,614488,2441030,79
20,614488,2439982,79
20,614488,2439173,79
20,614488,2439791,79
20,614488,2440370,79
21,645212,2462236,80
21,645212,2462850,80
21,645212,2463545,80
21,645212,2463149,80
21,645212,2464190,80
21,645212,2463481,80
21,645212,2464322,80
21,645212,2462730,80
21,645212,2464626,80
21,645212,2463612,80
21,645212,2463743,80
21,645212,2464624,80
21,645212,2461893,80
21,645212,2463223,80
21,645212,2462048,80
21,645212,2462764,80
21,645212,2463019,80
21,645212,2463026,80
21,645212,2463674,80
21,645212,2461594,80
21,645212,2463702,80
21,645212,2462713,80
21,645212,2463357,80
21,645212,2464569,80
21,645212,2462893,80
21,645212,2464370,80
21,645212,2462948,80
21,645212,2462565,80
21,645212,2464113,80
21,645212,2462297,80
21,645212,2462956,80
21,645212,2462651,80
21,645212,2463694,80
21,645212,2462833,80
21,645212,2463331,80
21,645212,2464109,80
21,645212,2463252,80
21,645212,2462460,80
21,645212,2462272,80
21,645212,2462725,80
21,645212,2462979,80
21,645212,2462127,80
21,645212,2463515,80
21,645212,2463420,80
21,645212,2461526,80
21,645212,2463858,80
21,645212,2461016,80
21,645212,2463836,80
21,645212,2463123,80
21,645212,2464336,80
22,675937,2483766,80
22,675937,2485221,80
22,675937,2484739,80
22,675937,2486033,80
22,675937,2484760,80
22,675937,2485559,80
22,675937,2485512,80
22,675937,2482633,80
22,675937,2485128,80
22,675937,2485871,80
22,675937,2485803,80
22,675937,2486202,80
22,675937,2483762,80
22,675937,2485321,80
22,675937,2484688,80
22,675937,2485434,80
22,675937,2484322,80
22,675937,2484601,80
22,675937,2484944,80
22,675937,2484386,80
22,675937,2484917,80
22,675937,2484932,80
22,675937,2484848,80
22,675937,2484570,80
22,675937,2483431,80
22,675937,2485435,80
22,675937,2483888,80
22,675937,2485625,80
22,675937,2484169,80
22,675937,2485025,80
22,675937,2485520,80
22,675937,2484877,80
22,675937,2485683,80
22,675937,2486126,80
22,675937,2485155,80
22,675937,2485712,80
22,675937,2484429,80
22,675937,2483956,80
22,675937,2484050,80
22,675937,2485353,80
22,675937,2484472,80
22,675937,2484692,80
22,675937,2486233,80
22,675937,2485426,80
22,675937,2485384,80
22,675937,2485179,80
22,675937,2485693,80
22,675937,2485488,80
22,675937,2486436,80
22,675937,2484187,80
23,706661,2506007,81
23,706661,2505515,81
23,706661,2506375,81
23,706661,2506065,81
23,706661,2506001,81
23,706661,2506517,81
23,706661,2505953,81
23,706661,2504915,81
23,706661,2505850,81
23,706661,2505076,81
23,706661,2505531,81
23,706661,2505050,81
23,706661,2505024,81
23,706661,2505305,81
23,706661,2505010,81
23,706661,2505688,81
23,706661,2504372,81
23,706661,2506400,81
23,706661,2506132,81
23,706661,2505145,81
23,706661,2505902,81
23,706661,2505453,81
23,706661,2505081,81
23,706661,2504792,81
23,706661,2504843,81
23,706661,2504745,81
23,706661,2506361,81
23,706661,2505786,81
23,706661,2505578,81
23,706661,2505148,81
23,706661,2504374,81
23,706661,2506025,81
23,706661,2505676,81
23,706661,2505708,81
23,706661,2505586,81
23,706661,2505287,81
23,706661,2505007,81
23,706661,2505494,81
23,706661,2506436,81
23,706661,2505433,81
23,706661,2505813,81
23,706661,2505655,81
23,706661,2505475,81
23,706661,2505802,81
23,706661,2504240,81
23,706661,2506128,81
23,706661,2506442,81
23,706661,2505946,81
23,706661,2506776,81
23,706661,2506273,81
24,737385,2524738,82
24,737385,2525049,82
24,737385,2523904,82
24,737385,2524522,82
24,737385,2524492,82
24,737385,2524914,82
24,737385,2524531,82
24,737385,2525154,82
24,737385,2525180,82
24,737385,2526370,82
24,737385,2525023,82
24,737385,2526539,82
24,737385,2524080,82
24,737385,2524321,82
24,737385,2524455,82
24,737385,2525189,82
24,737385,2525942,82
24,737385,2525875,82
24,737385,2524690,82
24,737385,2525471,82
24,737385,2525715,82
24,737385,2525317,82
24,737385,2524724,82
24,737385,2524036,82
24,737385,2524256,82
24,737385,2525092,82
24,737385,2525279,82
24,737385,2525588,82
24,737385,2524008,82
24,737385,2524701,82
24,737385,2524406,82
24,737385,2524455,82
24,737385,2525023,82
24,737385,2526130,82
24,737385,2525179,82
24,737385,2524232,82
24,737385,2525193,82
24,737385,2525430,82
24,737385,2523565,82
24,737385,2526074,82
24,737385,2524704,82
24,737385,2524992,82
24,737385,2525446,82
24,737385,2525433,82
24,737385,2524338,82
24,737385,2524816,82
24,737385,2525277,82
24,737385,2524719,82
24,737385,2525843,82
24,737385,2523938,82
25,768110,2543233,82
25,768110,2544340,82
25,768110,2543170,82
25,768110,2543590,82
25,768110,2544235,82
25,768110,2543828,82
25,768110,2543599,82
25,768110,2543023,82
25,768110,2544246,82
25,768110,2543196,82
25,768110,2542760,82
25,768110,2542480,82
25,768110,2542899,82
25,768110,2543621,82
25,768110,2542993,82
25,768110,2543861,82
25,768110,2543537,82
25,768110,2543415,82
25,768110,2543015,82
25,768110,2542317,82
25,768110,2542853,82
25,768110,2542660,82
25,768110,2541682,82
25,768110,2544265,82
25,768110,2543457,82
25,768110,2543747,82
25,768110,2542995,82
25,768110,2542771,82
25,768110,2542867,82
25,768110,2543235,82
25,768110,2543284,82
25,768110,2544037,82
25,768110,2542369,82
25,768110,2543755,82
25,768110,2542931,82
25,768110,2543840,82
25,768110,2543122,82
25,768110,2544264,82
25,768110,2543486,82
25,768110,2542670,82
25,768110,2543123,82
25,768110,2541971,82
25,768110,2542252,82
25,768110,2543340,82
25,768110,2542698,82
25,768110,2542259,82
25,768110,2544069,82
25,768110,2543889,82
25,768110,2543278,82
25,768110,2541823,82
26,798834,2559920,83
26,798834,2560142,83
26,798834,2561772,83
26,798834,2558574,83
26,798834,2561196,83
26,798834,2560520,83
26,798834,2559891,83
26,798834,2560704,83
26,798834,2560790,83
26,798834,2560109,83
26,798834,2560214,83
26,798834,2560497,83
26,798834,2559574,83
26,798834,2560274,83
26,798834,2560817,83
26,798834,2559866,83
26,798834,2560050,83
26,798834,2561031,83
26,798834,2561129,83
26,798834,2560658,83
26,798834,2562284,83
26,798834,2560726,83
26,798834,2562385,83
26,798834,2561907,83
26,798834,2560692,83
26,798834,2561110,83
26,798834,2562068,83
26,798834,2560266,83
26,798834,2560574,83
26,798834,2561352,83
26,798834,2560797,83
26,798834,2561816,83
26,798834,2561397,83
26,798834,2560741,83
26,798834,2561105,83
26,798834,2560443,83
26,798834,2559600,83
26,798834,2561103,83
26,798834,2559689,83
26,798834,2559885,83
26,798834,2560139,83
26,798834,2560409,83
26,798834,2559260,83
26,798834,2560630,83
26,798834,2560123,83
26,798834,2560479,83
26,798834,2559929,83
26,798834,2560395,83
26,798834,2559984,83
26,798834,2560924,83
27,829559,2577422,83
27,829559,2577355,83
27,829559,2577262,83
27,829559,2577937,83
27,829559,2577752,83
27,829559,2577146,83
27,829559,2577109,83
27,829559,2576896,83
27,829559,2578022,83
27,829559,2577254,83
27,829559,2576940,83
27,829559,2577061,83
27,829559,2576884,83
27,829559,2577046,83
27,829559,2576700,83
27,829559,2576288,83
27,829559,2577528,83
27,829559,2577254,83
27,829559,2577641,83
27,829559,2578289,83
27,829559,2577022,83
27,829559,2576791,83
27,829559,2575776,83
27,829559,2576873,83
27,829559,2576965,83
27,829559,2577147,83
27,829559,2576858,83
27,829559,2576415,83
27,829559,2577708,83
27,829559,2577587,83
27,829559,2577325,83
27,829559,2576154,83
27,829559,2576334,83
27,829559,2576649,83
27,829559,2577806,83
27,829559,2577637,83
27,829559,2577534,83
27,829559,2577219,83
27,829559,2576720,83
27,829559,2576244,83
27,829559,2576496,83
27,829559,2577403,83
27,829559,2577659,83
27,829559,2577397,83
27,829559,2577155,83
27,829559,2577359,83
27,829559,2576099,83
27,829559,2578017,83
27,829559,2577863,83
27,829559,2577066,83
28,860283,2591988,84
28,860283,2593569,84
28,860283,2593479,84
28,860283,2592995,84
28,860283,2592524,84
28,860283,2592829,84
28,860283,2593041,84
28,860283,2593063,84
28,860283,2592024,84
28,860283,2592631,84
28,860283,2592350,84
28,860283,2593049,84
28,860283,2593048,84
28,860283,2593744,84
28,860283,2592747,84
28,860283,2593853,84
28,860283,2593690,84
28,860283,2591794,84
28,860283,2592579,84
28,860283,2592200,84
28,860283,2591792,84
28,860283,2592794,84
28,860283,2593329,84
28,860283,2593286,84
28,860283,2592334,84
28,860283,2594117,84
28,860283,2592505,84
28,860283,2593488,84
28,860283,2593130,84
28,860283,2593108,84
28,860283,2592583,84
28,860283,2593394,84
28,860283,2592975,84
28,860283,2593952,84
28,860283,2592669,84
28,860283,2592742,84
28,860283,2592313,84
28,860283,2592940,84
28,860283,2593573,84
28,860283,2592254,84
28,860283,2593036,84
28,860283,2592440,84
28,860283,2593347,84
28,860283,2592974,84
28,860283,2593418,84
28,860283,2593463,84
28,860283,2593299,84
28,860283,2592092,84
28,860283,2592954,84
28,860283,2591954,84
29,891007,2608482,84
29,891007,2607772,84
29,891007,2607516,84
29,891007,2608328,84
29,891007,2607762,84
29,891007,2608383,84
29,891007,2608385,84
29,891007,2609230,84
29,891007,2607694,84
29,891007,2607141,84
29,891007,2607825,84
29,891007,2609475,84
29,891007,2608663,84
29,891007,2607324,84
29,891007,2606850,84
29,891007,2607856,84
29,891007,2607520,84
29,891007,2608201,84
29,891007,2608066,84
29,891007,2608556,84
29,891007,2608493,84
29,891007,2606944,84
29,891007,2608297,84
29,891007,2607434,84
29,891007,2608024,84
29,891007,2608468,84
29,891007,2608974,84
29,891007,2608687,84
29,891007,2608796,84
29,891007,2607245,84
29,891007,2607066,84
29,891007,2608142,84
29,891007,2607975,84
29,891007,2608546,84
29,891007,2607900,84
29,891007,2607301,84
29,891007,2608182,84
29,891007,2607829,84
29,891007,2608262,84
29,891007,2608559,84
29,891007,2607580,84
29,891007,2606890,84
29,891007,2607677,84
29,891007,2608604,84
29,891007,2607632,84
29,891007,2608611,84
29,891007,2608603,84
29,891007,2607951,84
29,891007,2607649,84
29,891007,2607413,84
30,921732,2621946,85
30,921732,2622621,85
30,921732,2622762,85
30,921732,2623505,85
30,921732,2622609,85
30,921732,2622828,85
30,921732,2622287,85
30,921732,2623218,85
30,921732,2621668,85
30,921732,2623207,85
30,921732,2623587,85
30,921732,2622517,85
30,921732,2622668,85
30,921732,2622907,85
30,921732,2622758,85
30,921732,2622254,85
30,921732,2623455,85
30,921732,2622080,85
30,921732,2622973,85
30,921732,2622315,85
30,921732,2622196,85
30,921732,2621582,85
30,921732,2622422,85
30,921732,2622253,85
30,921732,2622573,85
30,921732,2622393,85
30,921732,2622587,85
30,921732,2621893,85
30,921732,2623274,85
30,921732,2623181,85
30,921732,2621607,85
30,921732,2622684,85
30,921732,2623175,85
30,921732,2621008,85
30,921732,2622416,85
30,921732,2621954,85
30,921732,2622135,85
30,921732,2621724,85
30,921732,2622572,85
30,921732,2621422,85
30,921732,2622623,85
30,921732,2622347,85
30,921732,2622779,85
30,921732,2622120,85
30,921732,2622750,85
30,921732,2623315,85
30,921732,2622766,85
30,921732,2622802,85
30,921732,2623584,85
30,921732,2622508,85
31,952456,2635931,85
31,952456,2636580,85
31,952456,2637058,85
31,952456,2635811,85
31,952456,2635658,85
31,952456,2636747,85
31,952456,2635601,85
31,952456,2636157,85
31,952456,2636657,85
31,952456,2637596,85
31,952456,2635613,85
31,952456,2636100,85
31,952456,2636405,85
31,952456,2635796,85
31,952456,2636121,85
31,952456,2636067,85
31,952456,2635979,85
31,952456,2636396,85
31,952456,2636653,85
31,952456,2636627,85
31,952456,2634829,85
31,952456,2637470,85
31,952456,2637040,85
31,952456,2636514,85
31,952456,2635788,85
31,952456,2636554,85
31,952456,2636368,85
31,952456,2636411,85
31,952456,2635566,85
31,952456,2636613,85
31,952456,2636124,85
31,952456,2636031,85
31,952456,2635798,85
31,952456,2635575,85
31,952456,2636243,85
31,952456,2635377,85
31,952456,2637082,85
31,952456,2636142,85
31,952456,2637430,85
31,952456,2636801,85
31,952456,2635262,85
31,952456,2636295,85
31,952456,2634798,85
31,952456,2636133,85
31,952456,2636461,85
31,952456,2636528,85
31,952456,2636071,85
31,952456,2635842,85
31,952456,2636458,85
31,952456,2635917,85
32,983181,2649385,86
32,983181,2649839,86
32,983181,2649309,86
32,983181,2650102,86
32,983181,2649755,86
32,983181,2649519,86
32,983181,2648237,86
32,983181,2650202,86
32,983181,2649251,86
32,983181,2650350,86
32,983181,2650253,86
32,983181,2648984,86
32,983181,2649349,86
32,983181,2650312,86
32,983181,2649920,86
32,983181,2649563,86
32,983181,2649075,86
32,983181,2649781,86
32,983181,2649036,86
32,983181,2649001,86
32,983181,2649382,86
32,983181,2649725,86
32,983181,2649713,86
32,983181,2649632,86
32,983181,2649365,86
32,983181,2648815,86
32,983181,2649221,86
32,983181,2650557,86
32,983181,2649294,86
32,983181,2650057,86
32,983181,2649011,86
32,983181,2648493,86
32,983181,2648935,86
32,983181,2648914,86
32,983181,2649996,86
32,983181,2649997,86
32,983181,2649923,86
32,983181,2649527,86
32,983181,2648747,86
32,983181,2649333,86
32,983181,2649603,86
32,983181,2649583,86
32,983181,2649460,86
32,983181,2650264,86
32,983181,2649671,86
32,983181,2649372,86
32,983181,2649905,86
32,983181,2648680,86
32,983181,2649287,86
32,983181,2649728,86
33,1013905,2661968,86
33,1013905,2662319,86
33,1013905,2662589,86
33,1013905,2662324,86
33,1013905,2662167,86
33,1013905,2662774,86
33,1013905,2662667,86
33,1013905,2662283,86
33,1013905,2661987,86
33,1013905,2662948,86
33,1013905,2662315,86
33,1013905,2662003,86
33,1013905,2661979,86
33,1013905,2662712,86
33,1013905,2662589,86
33,1013905,2662995,86
33,1013905,2661575,86
33,1013905,2662095,86
33,1013905,2661859,86
33,1013905,2662602,86
33,1013905,2662695,86
33,1013905,2661566,86
33,1013905,2661844,86
33,1013905,2663270,86
33,1013905,2662470,86
33,1013905,2662670,86
33,1013905,2663346,86
33,1013905,2662380,86
33,1013905,2662675,86
33,1013905,2662339,86
33,1013905,2662556,86
33,1013905,2662758,86
33,1013905,2661411,86
33,1013905,2662354,86
33,1013905,2662589,86
33,1013905,2662713,86
33,1013905,2662848,86
33,1013905,2662451,86
33,1013905,2662077,86
33,1013905,2663511,86
33,1013905,2662712,86
33,1013905,2662631,86
33,1013905,2662114,86
33,1013905,2662597,86
33,1013905,2663061,86
33,1013905,2661555,86
33,1013905,2662388,86
33,1013905,2662450,86
33,1013905,2663215,86
33,1013905,2661849,86
34,1044629,2674548,87
34,1044629,2674490,87
34,1044629,2675234,87
34,1044629,2674440,87
34,1044629,2675450,87
34,1044629,2675178,87
34,1044629,2674906,87
34,1044629,2674223,87
34,1044629,2674316,87
34,1044629,2674197,87
34,1044629,2674240,87
34,1044629,2675007,87
34,1044629,2675289,87
34,1044629,2675144,87
34,1044629,2674651,87
34,1044629,2674381,87
34,1044629,2674559,87
34,1044629,2675070,87
34,1044629,2674257,87
34,1044629,2675656,87
34,1044629,2674513,87
34,1044629,2674360,87
34,1044629,2674984,87
34,1044629,2675836,87
34,1044629,2674595,87
34,1044629,2674521,87
34,1044629,2675160,87
34,1044629,2674804,87
34,1044629,2674239,87
34,1044629,2675912,87
34,1044629,2674668,87
34,1044629,2673955,87
34,1044629,2674360,87
34,1044629,2675074,87
34,1044629,2674572,87
34,1044629,2674094,87
34,1044629,2674618,87
34,1044629,2674468,87
34,1044629,2674306,87
34,1044629,2674355,87
34,1044629,2674205,87
34,1044629,2674610,87
34,1044629,2675160,87
34,1044629,2674821,87
34,1044629,2674588,87
34,1044629,2673931,87
34,1044629,2674922,87
34,1044629,2674116,87
34,1044629,2674821,87
34,1044629,2674564,87
35,1075354,2686602,87
35,1075354,2685712,87
35,1075354,2686798,87
35,1075354,2686397,87
35,1075354,2686665,87
35,1075354,2687154,87
35,1075354,2686678,87
35,1075354,2686470,87
35,1075354,2686687,87
35,1075354,2685009,87
35,1075354,2685711,87
35,1075354,2686510,87
35,1075354,2686076,87
35,1075354,2686988,87
35,1075354,2685966,87
35,1075354,2686113,87
35,1075354,2687007,87
35,1075354,2685832,87
35,1075354,2685838,87
35,1075354,2686184,87
35,1075354,2686077,87
35,1075354,2687041,87
35,1075354,2686267,87
35,1075354,2687566,87
35,1075354,2686298,87
35,1075354,2686608,87
35,1075354,2686325,87
35,1075354,2687425,87
35,1075354,2685926,87
35,1075354,2685096,87
35,1075354,2687206,87
35,1075354,2686253,87
35,1075354,2685993,87
35,1075354,2686981,87
35,1075354,2685229,87
35,1075354,2685654,87
35,1075354,2686784,87
35,1075354,2686014,87
35,1075354,2685607,87
35,1075354,2686995,87
35,1075354,2686473,87
35,1075354,2686747,87
35,1075354,2687012,87
35,1075354,2686825,87
35,1075354,2686859,87
35,1075354,2686038,87
35,1075354,2686965,87
35,1075354,2686625,87
35,1075354,2686154,87
35,1075354,2685389,87
36,1106078,2697478,87
36,1106078,2698144,87
36,1106078,2697846,87
36,1106078,2697196,87
36,1106078,2698087,87
36,1106078,2697019,87
36,1106078,2697887,87
36,1106078,2696922,87
36,1106078,2698266,87
36,1106078,2698903,87
36,1106078,2697208,87
36,1106078,2697879,87
36,1106078,2698127,87
36,1106078,2698414,87
36,1106078,2698184,87
36,1106078,2697830,87
36,1106078,2697970,87
36,1106078,2697559,87
36,1106078,2697213,87
36,1106078,2697336,87
36,1106078,2697927,87
36,1106078,2697858,87
36,1106078,2697712,87
36,1106078,2697701,87
36,1106078,2697303,87
36,1106078,2697389,87
36,1106078,2697729,87
36,1106078,2697226,87
36,1106078,2698501,87
36,1106078,2697969,87
36,1106078,2698210,87
36,1106078,2697175,87
36,1106078,2698042,87
36,1106078,2698402,87
36,1106078,2697887,87
36,1106078,2696540,87
36,1106078,2698273,87
36,1106078,2697931,87
36,1106078,2697182,87
36,1106078,2698614,87
36,1106078,2698204,87
36,1106078,2697590,87
36,1106078,2697226,87
36,1106078,2697160,87
36,1106078,2698327,87
36,1106078,2698105,87
36,1106078,2699766,87
36,1106078,2698666,87
36,1106078,2697970,87
36,1106078,2697711,87
37,1136803,2708792,88
37,1136803,2709659,88
37,1136803,2709246,88
37,1136803,2708884,88
37,1136803,2709171,88
37,1136803,2708454,88
37,1136803,2708053,88
37,1136803,2708418,88
37,1136803,2709043,88
37,1136803,2709987,88
37,1136803,2709277,88
37,1136803,2708360,88
37,1136803,2709571,88
37,1136803,2708846,88
37,1136803,2709432,88
37,1136803,2708590,88
37,1136803,2708987,88
37,1136803,2709226,88
37,1136803,2708949,88
37,1136803,2709295,88
37,1136803,2708587,88
37,1136803,2708705,88
37,1136803,2708744,88
37,1136803,2708956,88
37,1136803,2709266,88
37,1136803,2708029,88
37,1136803,2708660,88
37,1136803,2708635,88
37,1136803,2708503,88
37,1136803,2708858,88
37,1136803,2707999,88
37,1136803,2708752,88
37,1136803,2708355,88
37,1136803,2708368,88
37,1136803,2709433,88
37,1136803,2708483,88
37,1136803,2709354,88
37,1136803,2708824,88
37,1136803,2709434,88
37,1136803,2708589,88
37,1136803,2708789,88
37,1136803,2708100,88
37,1136803,2709049,88
37,1136803,2708539,88
37,1136803,2709087,88
37,1136803,2708728,88
37,1136803,2709417,88
37,1136803,2709035,88
37,1136803,2709492,88
37,1136803,2708678,88
38,1167527,2719086,88
38,1167527,2719471,88
38,1167527,2719420,88
38,1167527,2719720,88
38,1167527,2719541,88
38,1167527,2719713,88
38,1167527,2718698,88
38,1167527,2720463,88
38,1167527,2719234,88
38,1167527,2719655,88
38,1167527,2720089,88
38,1167527,2719185,88
38,1167527,2719792,88
38,1167527,2719535,88
38,1167527,2720018,88
38,1167527,2719010,88
38,1167527,2719702,88
38,1167527,2719034,88
38,1167527,2718961,88
38,1167527,2719986,88
38,1167527,2720053,88
38,1167527,2718983,88
38,1167527,2721125,88
38,1167527,2719571,88
38,1167527,2718872,88
38,1167527,2719963,88
38,1167527,2719325,88
38,1167527,2719650,88
38,1167527,2720430,88
38,1167527,2719366,88
38,1167527,2719619,88
38,1167527,2719355,88
38,1167527,2718694,88
38,1167527,2719759,88
38,1167527,2719732,88
38,1167527,2720301,88
38,1167527,2719393,88
38,1167527,2720048,88
38,1167527,2719626,88
38,1167527,2718240,88
38,1167527,2719118,88
38,1167527,2720606,88
38,1167527,2718837,88
38,1167527,2719904,88
38,1167527,2719400,88
38,1167527,2720058,88
38,1167527,2719250,88
38,1167527,2721066,88
38,1167527,2720180,88
38,1167527,2720088,88
39,1198251,2730685,88
39,1198251,2730250,88
39,1198251,2730277,88
39,1198251,2729943,88
39,1198251,2728955,88
39,1198251,2728959,88
39,1198251,2729950,88
39,1198251,2729990,88
39,1198251,2730602,88
39,1198251,2729743,88
39,1198251,2730404,88
39,1198251,2729161,88
39,1198251,2729741,88
39,1198251,2729232,88
39,1198251,2729480,88
39,1198251,2730323,88
39,1198251,2730804,88
39,1198251,2729683,88
39,1198251,2730087,88
39,1198251,2730156,88
39,1198251,2728715,88
39,1198251,2728824,88
39,1198251,2729492,88
39,1198251,2730066,88
39,1198251,2730257,88
39,1198251,2730327,88
39,1198251,2730049,88
39,1198251,2729164,88
39,1198251,2729778,88
39,1198251,2730066,88
39,1198251,2729889,88
39,1198251,2729656,88
39,1198251,2729975,88
39,1198251,2730168,88
39,1198251,2729543,88
39,1198251,2730093,88
39,1198251,2730575,88
39,1198251,2728568,88
39,1198251,2729776,88
39,1198251,2729593,88
39,1198251,2729898,88
39,1198251,2729645,88
39,1198251,2730536,88
39,1198251,2729729,88
39,1198251,2729004,88
39,1198251,2729348,88
39,1198251,2729676,88
39,1198251,2731014,88
39,1198251,2729981,88
39,1198251,2730216,88
40,1228976,2740565,89
40,1228976,2739004,89
40,1228976,2739852,89
40,1228976,2740657,89
40,1228976,2739740,89
40,1228976,2741020,89
40,1228976,2739411,89
40,1228976,2740419,89
40,1228976,2739589,89
40,1228976,2739475,89
40,1228976,2739677,89
40,1228976,2739758,89
40,1228976,2739439,89
40,1228976,2740615,89
40,1228976,2740089,89
40,1228976,2739821,89
40,1228976,2739196,89
40,1228976,2739372,89
40,1228976,2739419,89
40,1228976,2740279,89
40,1228976,2739683,89
40,1228976,2740286,89
40,1228976,2739211,89
40,1228976,2739894,89
40,1228976,2739592,89
40,1228976,2739773,89
40,1228976,2739783,89
40,1228976,2738571,89
40,1228976,2739626,89
40,1228976,2740384,89
40,1228976,2739420,89
40,1228976,2739563,89
40,1228976,2739194,89
40,1228976,2740389,89
40,1228976,2739559,89
40,1228976,2739815,89
40,1228976,2739605,89
40,1228976,2739365,89
40,1228976,2740246,89
40,1228976,2739774,89
40,1228976,2740624,89
40,1228976,2739464,89
40,1228976,2740532,89
40,1228976,2739815,89
40,1228976,2740082,89
40,1228976,2739873,89
40,1228976,2739949,89
40,1228976,2739941,89
40,1228976,2739337,89
40,1228976,2739266,89
41,1259700,2749738,89
41,1259700,2749774,89
41,1259700,2749732,89
41,1259700,2749158,89
41,1259700,2748648,89
41,1259700,2750305,89
41,1259700,2749415,89
41,1259700,2750028,89
41,1259700,2749150,89
41,1259700,2749157,89
41,1259700,2749425,89
41,1259700,2748918,89
41,1259700,2748639,89
41,1259700,2749527,89
41,1259700,2749296,89
41,1259700,2748840,89
41,1259700,2749661,89
41,1259700,2749664,89
41,1259700,2749238,89
41,1259700,2749648,89
41,1259700,2749747,89
41,1259700,2749313,89
41,1259700,2748438,89
41,1259700,2749117,89
41,1259700,2750504,89
41,1259700,2749089,89
41,1259700,2749318,89
41,1259700,2748856,89
41,1259700,2750037,89
41,1259700,2749030,89
41,1259700,2749226,89
41,1259700,2749411,89
41,1259700,2749882,89
41,1259700,2749415,89
41,1259700,2749502,89
41,1259700,2749602,89
41,1259700,2749278,89
41,1259700,2748781,89
41,1259700,2748937,89
41,1259700,2750080,89
41,1259700,2749668,89
41,1259700,2749547,89
41,1259700,2749717,89
41,1259700,2749677,89
41,1259700,2750036,89
41,1259700,2750018,89
41,1259700,2749943,89
41,1259700,2749175,89
41,1259700,2749748,89
41,1259700,2749602,89
42,1290425,2758549,89
42,1290425,2758881,89
42,1290425,2759247,89
42,1290425,2758082,89
42,1290425,2758471,89
42,1290425,2760137,89
42,1290425,2758859,89
42,1290425,2758860,89
42,1290425,2759279,89
42,1290425,2759104,89
42,1290425,2759061,89
42,1290425,2759005,89
42,1290425,2759403,89
42,1290425,2759392,89
42,1290425,2759301,89
42,1290425,2758695,89
42,1290425,2758929,89
42,1290425,2759356,89
42,1290425,2759594,89
42,1290425,2759432,89
42,1290425,2758592,89
42,1290425,2759548,89
42,1290425,2759094,89
42,1290425,2758934,89
42,1290425,2758937,89
42,1290425,2758457,89
42,1290425,2759071,89
42,1290425,2759011,89
42,1290425,2758809,89
42,1290425,2759460,89
42,1290425,2758729,89
42,1290425,2758966,89
42,1290425,2759017,89
42,1290425,2759407,89
42,1290425,2759353,89
42,1290425,2759025,89
42,1290425,2759145,89
42,1290425,2758699,89
42,1290425,2758952,89
42,1290425,2758418,89
42,1290425,2759155,89
42,1290425,2758360,89
42,1290425,2758967,89
42,1290425,2758872,89
42,1290425,2758923,89
42,1290425,2758857,89
42,1290425,2758653,89
42,1290425,2758851,89
42,1290425,2758942,89
42,1290425,2758575,89
43,1321149,2768810,90
43,1321149,2768041,90
43,1321149,2767857,90
43,1321149,2768159,90
43,1321149,2768195,90
43,1321149,2767115,90
43,1321149,2767564,90
43,1321149,2767629,90
43,1321149,2767620,90
43,1321149,2768287,90
43,1321149,2768430,90
43,1321149,2767861,90
43,1321149,2768124,90
43,1321149,2767992,90
43,1321149,2767991,90
43,1321149,2767637,90
43,1321149,2767940,90
43,1321149,2768086,90
43,1321149,2767972,90
43,1321149,2767824,90
43,1321149,2768575,90
43,1321149,2767257,90
43,1321149,2767225,90
43,1321149,2768437,90
43,1321149,2767758,90
43,1321149,2769048,90
43,1321149,2768013,90
43,1321149,2768689,90
43,1321149,2768430,90
43,1321149,2767514,90
43,1321149,2767481,90
43,1321149,2768138,90
43,1321149,2767561,90
43,1321149,2767693,90
43,1321149,2768355,90
43,1321149,2767729,90
43,1321149,2767333,90
43,1321149,2767825,90
43,1321149,2767675,90
43,1321149,2768276,90
43,1321149,2768049,90
43,1321149,2767748,90
43,1321149,2767802,90
43,1321149,2768004,90
43,1321149,2768458,90
43,1321149,2767832,90
43,1321149,2767789,90
43,1321149,2767154,90
43,1321149,2767759,90
43,1321149,2768346,90
44,1351874,2777381,90
44,1351874,2776829,90
44,1351874,2776152,90
44,1351874,2776858,90
44,1351874,2777322,90
44,1351874,2775999,90
44,1351874,2777264,90
44,1351874,2776852,90
44,1351874,2776604,90
44,1351874,2776852,90
44,1351874,2777112,90
44,1351874,2776632,90
44,1351874,2777032,90
44,1351874,2777519,90
44,1351874,2777460,90
44,1351874,2776896,90
44,1351874,2777048,90
44,1351874,2776570,90
44,1351874,2776581,90
44,1351874,2777206,90
44,1351874,2776285,90
44,1351874,2776442,90
44,1351874,2776922,90
44,1351874,2776347,90
44,1351874,2777433,90
44,1351874,2777207,90
44,1351874,2776767,90
44,1351874,2776503,90
44,1351874,2776007,90
44,1351874,2776560,90
44,1351874,2776313,90
44,1351874,2777216,90
44,1351874,2776711,90
44,1351874,2777075,90
44,1351874,2776936,90
44,1351874,2777134,90
44,1351874,2777497,90
44,1351874,2775978,90
44,1351874,2776472,90
44,1351874,2776870,90
44,1351874,2776872,90
44,1351874,2776173,90
44,1351874,2777008,90
44,1351874,2777130,90
44,1351874,2777275,90
44,1351874,2777609,90
44,1351874,2776270,90
44,1351874,2776917,90
44,1351874,2776695,90
44,1351874,2777400,90
45,1382598,2784209,90
45,1382598,2785161,90
45,1382598,2785693,90
45,1382598,2786043,90
45,1382598,2785164,90
45,1382598,2785180,90
45,1382598,2785313,90
45,1382598,2785637,90
45,1382598,2785430,90
45,1382598,2785700,90
45,1382598,2786306,90
45,1382598,2785947,90
45,1382598,2785590,90
45,1382598,2785809,90
45,1382598,2784744,90
45,1382598,2786063,90
45,1382598,2785389,90
45,1382598,2784887,90
45,1382598,2785749,90
45,1382598,2785891,90
45,1382598,2785482,90
45,1382598,2785003,90
45,1382598,2785260,90
45,1382598,2785370,90
45,1382598,2786165,90
45,1382598,2785043,90
45,1382598,2785837,90
45,1382598,2785483,90
45,1382598,2785682,90
45,1382598,2785223,90
45,1382598,2785444,90
45,1382598,2785567,90
45,1382598,2785119,90
45,1382598,2786018,90
45,1382598,2785380,90
45,1382598,2785605,90
45,1382598,2784652,90
45,1382598,2785999,90
45,1382598,2784975,90
45,1382598,2785989,90
45,1382598,2784697,90
45,1382598,2785161,90
45,1382598,2785034,90
45,1382598,2784888,90
45,1382598,2786344,90
45,1382598,2784872,90
45,1382598,2785580,90
45,1382598,2786081,90
45,1382598,2785560,90
45,1382598,2785969,90
46,1413322,2794956,90
46,1413322,2793820,90
46,1413322,2794450,90
46,1413322,2793772,90
46,1413322,2793910,90
46,1413322,2793331,90
46,1413322,2793714,90
46,1413322,2794369,90
46,1413322,2794416,90
46,1413322,2793924,90
46,1413322,2793633,90
46,1413322,2793883,90
46,1413322,2794060,90
46,1413322,2794032,90
46,1413322,2793309,90
46,1413322,2793602,90
46,1413322,2793261,90
46,1413322,2793618,90
46,1413322,2792935,90
46,1413322,2794015,90
46,1413322,2793238,90
46,1413322,2793919,90
46,1413322,2793742,90
46,1413322,2793828,90
46,1413322,2793317,90
46,1413322,2794399,90
46,1413322,2793658,90
46,1413322,2793797,90
46,1413322,2793749,90
46,1413322,2794041,90
46,1413322,2794260,90
46,1413322,2793997,90
46,1413322,2793769,90
46,1413322,2793363,90
46,1413322,2794214,90
46,1413322,2794085,90
46,1413322,2792826,90
46,1413322,2794261,90
46,1413322,2793998,90
46,1413322,2794142,90
46,1413322,2793998,90
46,1413322,2793952,90
46,1413322,2793636,90
46,1413322,2793237,90
46,1413322,2793367,90
46,1413322,2793182,90
46,1413322,2793484,90
46,1413322,2794520,90
46,1413322,2793439,90
46,1413322,2794643,90
47,1444047,2801805,91
47,1444047,2801519,91
47,1444047,2802135,91
47,1444047,2801812,91
47,1444047,2801854,91
47,1444047,2801444,91
47,1444047,2802166,91
47,1444047,2802026,91
47,1444047,2801776,91
47,1444047,2802372,91
47,1444047,2802630,91
47,1444047,2801958,91
47,1444047,2802377,91
47,1444047,2801804,91
47,1444047,2803023,91
47,1444047,2802264,91
47,1444047,2802433,91
47,1444047,2801128,91
47,1444047,2802223,91
47,1444047,2802024,91
47,1444047,2801783,91
47,1444047,2801710,91
47,1444047,2801688,91
47,1444047,2802089,91
47,1444047,2802334,91
47,1444047,2802034,91
47,1444047,2801256,91
47,1444047,2802067,91
47,1444047,2802135,91
47,1444047,2801720,91
47,1444047,2802119,91
47,1444047,2802244,91
47,1444047,2802003,91
47,1444047,2802053,91
47,1444047,2802006,91
47,1444047,2801986,91
47,1444047,2801805,91
47,1444047,2801821,91
47,1444047,2802234,91
47,1444047,2801383,91
47,1444047,2801757,91
47,1444047,2802095,91
47,1444047,2801246,91
47,1444047,2801819,91
47,1444047,2802554,91
47,1444047,2801263,91
47,1444047,2802265,91
47,1444047,2801895,91
47,1444047,2802182,91
47,1444047,2802541,91
48,1474771,2810131,91
48,1474771,2810477,91
48,1474771,2809920,91
48,1474771,2809483,91
48,1474771,2810398,91
48,1474771,2808902,91
48,1474771,2810735,91
48,1474771,2810058,91
48,1474771,2809506,91
48,1474771,2810415,91
48,1474771,2810457,91
48,1474771,2809675,91
48,1474771,2810440,91
48,1474771,2810286,91
48,1474771,2809809,91
48,1474771,2809944,91
48,1474771,2810127,91
48,1474771,2809678,91
48,1474771,2809679,91
48,1474771,2809362,91
48,1474771,2810423,91
48,1474771,2809322,91
48,1474771,2809691,91
48,1474771,2809657,91
48,1474771,2809340,91
48,1474771,2809654,91
48,1474771,2810045,91
48,1474771,2810041,91
48,1474771,2810012,91
48,1474771,2809977,91
48,1474771,2809172,91
48,1474771,2810412,91
48,1474771,2809143,91
48,1474771,2809953,91
48,1474771,2810227,91
48,1474771,2809615,91
48,1474771,2809401,91
48,1474771,2810472,91
48,1474771,2810208,91
48,1474771,2809197,91
48,1474771,2809977,91
48,1474771,2810155,91
48,1474771,2810814,91
48,1474771,2810165,91
48,1474771,2809428,91
48,1474771,2809726,91
48,1474771,2810221,91
48,1474771,2809897,91
48,1474771,2809779,91
48,1474771,2809512,91
49,1505496,2816891,91
49,1505496,2816954,91
49,1505496,2817011,91
49,1505496,2817619,91
49,1505496,2817399,91
49,1505496,2817656,91
49,1505496,2817114,91
49,1505496,2817425,91
49,1505496,2817610,91
49,1505496,2817974,91
49,1505496,2817677,91
49,1505496,2817272,91
49,1505496,2817224,91
49,1505496,2817516,91
49,1505496,2818338,91
49,1505496,2817952,91
49,1505496,2818344,91
49,1505496,2817747,91
49,1505496,2816346,91
49,1505496,2817797,91
49,1505496,2817154,91
49,1505496,2817574,91
49,1505496,2817930,91
49,1505496,2817369,91
49,1505496,2817103,91
49,1505496,2817408,91
49,1505496,2817886,91
49,1505496,2816527,91
49,1505496,2817236,91
49,1505496,2818278,91
49,1505496,2817439,91
49,1505496,2817005,91
49,1505496,2817252,91
49,1505496,2817619,91
49,1505496,2817852,91
49,1505496,2817601,91
49,1505496,2817674,91
49,1505496,2817501,91
49,1505496,2817360,91
49,1505496,2817645,91
49,1505496,2817393,91
49,1505496,2817421,91
49,1505496,2817696,91
49,1505496,2816549,91
49,1505496,2817861,91
49,1505496,2817186,91
49,1505496,2818060,91
49,1505496,2818124,91
49,1505496,2817202,91
49,1505496,2817397,91
50,1536220,2825426,91
50,1536220,2825373,91
50,1536220,2825651,91
50,1536220,2825302,91
50,1536220,2825294,91
50,1536220,2824867,91
50,1536220,2825337,91
50,1536220,2824654,91
50,1536220,2825240,91
50,1536220,2825221,91
50,1536220,2825326,91
50,1536220,2825568,91
50,1536220,2825086,91
50,1536220,2826170,91
50,1536220,2825658,91
50,1536220,2824773,91
50,1536220,2825060,91
50,1536220,2825154,91
50,1536220,2824974,91
50,1536220,2825447,91
50,1536220,2825425,91
50,1536220,2824886,91
50,1536220,2825413,91
50,1536220,2824478,91
50,1536220,2825031,91
50,1536220,2825335,91
50,1536220,2825507,91
50,1536220,2825235,91
50,1536220,2825414,91
50,1536220,2825182,91
50,1536220,2825355,91
50,1536220,2825300,91
50,1536220,2824867,91
50,1536220,2824394,91
50,1536220,2824930,91
50,1536220,2825339,91
50,1536220,2825189,91
50,1536220,2825381,91
50,1536220,2824267,91
50,1536220,2825783,91
50,1536220,2824259,91
50,1536220,2825896,91
50,1536220,2825095,91
50,1536220,2825132,91
50,1536220,2825165,91
50,1536220,2825168,91
50,1536220,2824635,91
50,1536220,2824584,91
50,1536220,2825238,91
50,1536220,2825361,91
